customer_id,recency,frequency,monetary,r_score,f_score,m_score,rfm_score,segment
1,47,4,2827.32,3,3,3,9,Loyal Customers
2,85,5,1228.3600000000001,2,4,2,8,Loyal Customers
3,137,2,3723.3199999999997,1,1,4,6,Potential Loyalists
5,53,2,494.51,3,1,1,5,At Risk
6,18,2,538.06,4,1,1,6,Potential Loyalists
7,45,1,1669.08,3,1,2,6,Potential Loyalists
8,11,6,6500.19,4,4,4,12,Champions
9,18,3,825.7,4,2,1,7,Potential Loyalists
10,8,4,3186.94,4,3,3,10,Champions
11,58,1,528.78,3,1,1,5,At Risk
12,76,4,2006.63,2,3,2,7,Potential Loyalists
13,10,4,650.98,4,3,1,8,Loyal Customers
14,57,2,222.2,3,1,1,5,At Risk
15,24,6,4878.91,4,4,4,12,Champions
16,94,7,3847.38,2,4,4,10,Champions
17,45,7,5266.45,3,4,4,11,Champions
18,29,3,1779.77,4,2,2,8,Loyal Customers
19,4,4,2183.65,4,3,3,10,Champions
20,158,2,2805.3,1,1,3,5,At Risk
21,186,2,897.8100000000001,1,1,1,3,Lost / Churned
22,51,6,7560.55,3,4,4,11,Champions
23,36,4,3183.73,3,3,3,9,Loyal Customers
24,20,5,3734.62,4,4,4,12,Champions
25,79,2,891.01,2,1,1,4,At Risk
26,58,4,3086.31,3,3,3,9,Loyal Customers
27,78,2,561.8499999999999,2,1,1,4,At Risk
28,47,3,2257.56,3,2,3,8,Loyal Customers
29,8,6,5168.44,4,4,4,12,Champions
30,244,1,998.84,1,1,1,3,Lost / Churned
31,74,3,1483.4299999999998,2,2,2,6,Potential Loyalists
32,41,5,3898.42,3,4,4,11,Champions
33,183,3,2945.29,1,2,3,6,Potential Loyalists
34,49,2,1823.6399999999999,3,1,2,6,Potential Loyalists
35,77,4,5560.68,2,3,4,9,Loyal Customers
36,89,4,4361.03,2,3,4,9,Loyal Customers
37,77,2,1855.58,2,1,2,5,At Risk
38,96,1,289.84,2,1,1,4,At Risk
39,51,2,205.2,3,1,1,5,At Risk
40,172,3,2527.98,1,2,3,6,Potential Loyalists
41,110,4,3251.4799999999996,2,3,3,8,Loyal Customers
42,19,4,4472.29,4,3,4,11,Champions
43,238,1,335.01,1,1,1,3,Lost / Churned
44,245,1,144.21,1,1,1,3,Lost / Churned
45,249,1,1240.95,1,1,2,4,At Risk
46,98,5,3963.57,2,4,4,10,Champions
47,19,3,1356.29,4,2,2,8,Loyal Customers
48,8,3,1061.9,4,2,1,7,Potential Loyalists
49,40,3,1682.9,3,2,2,7,Potential Loyalists
50,118,4,3263.23,2,3,3,8,Loyal Customers
51,87,2,1685.44,2,1,2,5,At Risk
52,210,2,444.91999999999996,1,1,1,3,Lost / Churned
53,154,2,281.18,1,1,1,3,Lost / Churned
54,3,2,1475.39,4,1,2,7,Potential Loyalists
55,16,6,5712.8099999999995,4,4,4,12,Champions
56,17,8,5662.96,4,4,4,12,Champions
57,65,2,2191.05,3,1,3,7,Potential Loyalists
58,107,2,1594.81,2,1,2,5,At Risk
59,64,4,3048.0,3,3,3,9,Loyal Customers
60,177,2,1507.36,1,1,2,4,At Risk
61,154,1,912.99,1,1,1,3,Lost / Churned
62,104,3,2905.4700000000003,2,2,3,7,Potential Loyalists
63,50,5,3770.21,3,4,4,11,Champions
64,8,2,1486.4,4,1,2,7,Potential Loyalists
65,32,5,2771.65,3,4,3,10,Champions
66,112,2,1915.01,2,1,2,5,At Risk
67,24,3,3248.7400000000002,4,2,3,9,Loyal Customers
68,1,4,8195.27,4,3,4,11,Champions
69,96,2,2856.19,2,1,3,6,Potential Loyalists
70,89,2,1514.12,2,1,2,5,At Risk
71,45,4,4515.8,3,3,4,10,Champions
72,11,3,714.95,4,2,1,7,Potential Loyalists
73,222,1,431.99,1,1,1,3,Lost / Churned
74,49,3,2109.81,3,2,2,7,Potential Loyalists
75,285,1,358.33,1,1,1,3,Lost / Churned
76,1,2,2679.02,4,1,3,8,Loyal Customers
77,99,4,2990.27,2,3,3,8,Loyal Customers
78,69,1,1081.45,2,1,1,4,At Risk
79,45,5,2401.7799999999997,3,4,3,10,Champions
80,96,1,14.92,2,1,1,4,At Risk
81,43,4,4265.16,3,3,4,10,Champions
82,228,1,772.34,1,1,1,3,Lost / Churned
83,26,4,3594.8999999999996,4,3,4,11,Champions
84,75,5,6228.1,2,4,4,10,Champions
85,33,4,4031.2200000000003,3,3,4,10,Champions
86,66,5,2937.98,2,4,3,9,Loyal Customers
87,79,2,828.28,2,1,1,4,At Risk
88,146,4,5023.04,1,3,4,8,Loyal Customers
90,48,2,684.01,3,1,1,5,At Risk
91,191,1,309.74,1,1,1,3,Lost / Churned
92,105,6,5319.75,2,4,4,10,Champions
93,76,2,1241.34,2,1,2,5,At Risk
94,18,1,384.74,4,1,1,6,Potential Loyalists
95,9,6,5155.99,4,4,4,12,Champions
96,156,3,2125.92,1,2,3,6,Potential Loyalists
97,11,3,2995.7799999999997,4,2,3,9,Loyal Customers
98,74,3,1134.02,2,2,1,5,At Risk
99,87,3,1572.38,2,2,2,6,Potential Loyalists
100,15,5,1862.92,4,4,2,10,Champions
101,62,6,3812.55,3,4,4,11,Champions
102,87,5,4176.03,2,4,4,10,Champions
103,54,6,4889.57,3,4,4,11,Champions
104,55,1,158.08,3,1,1,5,At Risk
105,97,2,933.81,2,1,1,4,At Risk
106,178,3,2309.7599999999998,1,2,3,6,Potential Loyalists
107,79,3,2942.95,2,2,3,7,Potential Loyalists
108,235,2,2055.2799999999997,1,1,2,4,At Risk
110,125,3,1382.66,2,2,2,6,Potential Loyalists
111,44,8,3846.5699999999997,3,4,4,11,Champions
112,156,1,2219.25,1,1,3,5,At Risk
113,14,5,2714.5699999999997,4,4,3,11,Champions
114,43,3,1106.8400000000001,3,2,1,6,Potential Loyalists
115,27,4,5860.46,4,3,4,11,Champions
116,135,2,396.14000000000004,1,1,1,3,Lost / Churned
118,55,3,3009.12,3,2,3,8,Loyal Customers
119,116,2,545.03,2,1,1,4,At Risk
120,141,3,1049.49,1,2,1,4,At Risk
121,29,3,1812.42,4,2,2,8,Loyal Customers
122,128,3,529.51,1,2,1,4,At Risk
123,34,5,2616.63,3,4,3,10,Champions
124,64,3,924.9000000000001,3,2,1,6,Potential Loyalists
125,2,4,2600.96,4,3,3,10,Champions
126,16,5,4725.04,4,4,4,12,Champions
127,175,3,2850.94,1,2,3,6,Potential Loyalists
128,114,1,1126.0,2,1,1,4,At Risk
129,164,1,240.41,1,1,1,3,Lost / Churned
130,154,4,1894.2899999999997,1,3,2,6,Potential Loyalists
131,38,5,6189.24,3,4,4,11,Champions
132,245,1,197.38,1,1,1,3,Lost / Churned
133,36,2,3198.73,3,1,3,7,Potential Loyalists
134,13,4,3216.48,4,3,3,10,Champions
135,10,3,2871.89,4,2,3,9,Loyal Customers
136,108,2,157.87,2,1,1,4,At Risk
137,19,7,5942.07,4,4,4,12,Champions
138,214,2,1362.98,1,1,2,4,At Risk
139,26,5,5381.78,4,4,4,12,Champions
140,99,2,2103.67,2,1,2,5,At Risk
141,13,3,2842.02,4,2,3,9,Loyal Customers
142,190,1,45.42,1,1,1,3,Lost / Churned
143,156,2,2700.8599999999997,1,1,3,5,At Risk
144,23,4,1624.66,4,3,2,9,Loyal Customers
145,32,7,4045.1400000000003,3,4,4,11,Champions
146,34,6,3168.39,3,4,3,10,Champions
147,107,5,6362.16,2,4,4,10,Champions
148,56,1,282.9,3,1,1,5,At Risk
149,32,2,2660.1899999999996,3,1,3,7,Potential Loyalists
150,7,1,92.92,4,1,1,6,Potential Loyalists
151,67,2,372.02,2,1,1,4,At Risk
152,18,3,4112.25,4,2,4,10,Champions
153,17,6,4913.05,4,4,4,12,Champions
154,215,1,906.05,1,1,1,3,Lost / Churned
155,22,4,3037.37,4,3,3,10,Champions
156,16,6,4147.39,4,4,4,12,Champions
157,12,3,1065.6399999999999,4,2,1,7,Potential Loyalists
158,58,4,1539.44,3,3,2,8,Loyal Customers
159,90,4,2566.2799999999997,2,3,3,8,Loyal Customers
160,39,7,5799.29,3,4,4,11,Champions
161,73,4,2322.5299999999997,2,3,3,8,Loyal Customers
162,19,7,7186.55,4,4,4,12,Champions
164,39,2,1628.05,3,1,2,6,Potential Loyalists
165,87,5,1258.3799999999999,2,4,2,8,Loyal Customers
166,172,5,3262.68,1,4,3,8,Loyal Customers
169,132,1,346.67,1,1,1,3,Lost / Churned
170,229,1,1575.92,1,1,2,4,At Risk
171,148,2,1229.6399999999999,1,1,2,4,At Risk
172,94,2,868.52,2,1,1,4,At Risk
173,24,5,4492.1900000000005,4,4,4,12,Champions
174,81,1,1592.4,2,1,2,5,At Risk
175,25,4,2286.26,4,3,3,10,Champions
176,15,5,4710.14,4,4,4,12,Champions
177,55,2,2969.76,3,1,3,7,Potential Loyalists
178,100,1,129.94,2,1,1,4,At Risk
179,11,4,2246.06,4,3,3,10,Champions
180,49,2,2981.27,3,1,3,7,Potential Loyalists
181,26,4,4054.83,4,3,4,11,Champions
182,294,1,212.94,1,1,1,3,Lost / Churned
183,259,1,435.56,1,1,1,3,Lost / Churned
184,212,2,1135.13,1,1,1,3,Lost / Churned
185,18,4,3369.73,4,3,4,11,Champions
186,40,4,2921.08,3,3,3,9,Loyal Customers
187,81,1,700.05,2,1,1,4,At Risk
188,135,3,3587.11,1,2,4,7,Potential Loyalists
189,277,1,1823.7,1,1,2,4,At Risk
190,76,3,3313.16,2,2,4,8,Loyal Customers
191,128,4,3223.86,1,3,3,7,Potential Loyalists
192,94,1,810.24,2,1,1,4,At Risk
193,103,2,455.61,2,1,1,4,At Risk
194,135,3,1475.27,1,2,2,5,At Risk
195,26,2,1402.6200000000001,4,1,2,7,Potential Loyalists
196,56,2,1166.24,3,1,2,6,Potential Loyalists
197,14,1,384.1,4,1,1,6,Potential Loyalists
198,74,3,4616.35,2,2,4,8,Loyal Customers
199,70,4,1107.22,2,3,1,6,Potential Loyalists
200,15,1,565.68,4,1,1,6,Potential Loyalists
201,37,2,1877.6000000000001,3,1,2,6,Potential Loyalists
202,111,4,1758.32,2,3,2,7,Potential Loyalists
203,56,2,1267.5,3,1,2,6,Potential Loyalists
204,18,4,3783.25,4,3,4,11,Champions
205,10,3,1746.3500000000001,4,2,2,8,Loyal Customers
206,42,3,1795.86,3,2,2,7,Potential Loyalists
207,91,7,3837.67,2,4,4,10,Champions
208,40,4,2155.8999999999996,3,3,3,9,Loyal Customers
209,59,5,2351.62,3,4,3,10,Champions
210,103,1,355.92,2,1,1,4,At Risk
211,228,2,1280.1,1,1,2,4,At Risk
212,5,6,2386.98,4,4,3,11,Champions
213,74,1,893.68,2,1,1,4,At Risk
214,120,1,412.68,2,1,1,4,At Risk
215,145,3,3080.06,1,2,3,6,Potential Loyalists
216,247,1,1345.86,1,1,2,4,At Risk
217,43,3,4013.4300000000003,3,2,4,9,Loyal Customers
218,52,4,2690.7599999999998,3,3,3,9,Loyal Customers
219,107,2,1680.8000000000002,2,1,2,5,At Risk
220,171,3,3312.21,1,2,4,7,Potential Loyalists
221,73,3,2391.71,2,2,3,7,Potential Loyalists
222,61,2,1202.8400000000001,3,1,2,6,Potential Loyalists
223,22,4,3106.8,4,3,3,10,Champions
224,17,5,2942.83,4,4,3,11,Champions
225,2,5,5111.33,4,4,4,12,Champions
226,41,4,3263.18,3,3,3,9,Loyal Customers
227,160,5,3418.87,1,4,4,9,Loyal Customers
228,34,2,2000.5,3,1,2,6,Potential Loyalists
229,141,3,4060.5099999999998,1,2,4,7,Potential Loyalists
230,23,2,1035.78,4,1,1,6,Potential Loyalists
231,69,4,4144.98,2,3,4,9,Loyal Customers
232,23,7,4577.32,4,4,4,12,Champions
233,102,2,458.4,2,1,1,4,At Risk
234,25,3,1364.31,4,2,2,8,Loyal Customers
235,11,2,1885.0099999999998,4,1,2,7,Potential Loyalists
236,196,2,2900.7799999999997,1,1,3,5,At Risk
237,55,4,3089.31,3,3,3,9,Loyal Customers
238,168,2,780.6800000000001,1,1,1,3,Lost / Churned
240,41,3,2585.85,3,2,3,8,Loyal Customers
242,25,4,1111.17,4,3,1,8,Loyal Customers
243,21,3,1639.4,4,2,2,8,Loyal Customers
244,286,1,341.17,1,1,1,3,Lost / Churned
245,112,5,3711.06,2,4,4,10,Champions
246,143,3,1620.33,1,2,2,5,At Risk
247,62,5,4530.76,3,4,4,11,Champions
248,37,5,565.6899999999999,3,4,1,8,Loyal Customers
249,92,2,570.54,2,1,1,4,At Risk
250,70,1,1318.65,2,1,2,5,At Risk
251,241,1,659.43,1,1,1,3,Lost / Churned
252,9,5,3354.17,4,4,4,12,Champions
253,241,1,1798.45,1,1,2,4,At Risk
254,75,1,56.21,2,1,1,4,At Risk
255,37,3,1695.17,3,2,2,7,Potential Loyalists
256,26,3,2550.5600000000004,4,2,3,9,Loyal Customers
257,249,1,2067.2,1,1,2,4,At Risk
258,72,5,2428.1600000000003,2,4,3,9,Loyal Customers
259,38,9,8722.3,3,4,4,11,Champions
260,269,1,1200.9,1,1,2,4,At Risk
261,187,1,86.23,1,1,1,3,Lost / Churned
262,208,4,3522.48,1,3,4,8,Loyal Customers
263,233,1,339.37,1,1,1,3,Lost / Churned
264,131,4,4591.030000000001,1,3,4,8,Loyal Customers
265,124,3,1354.13,2,2,2,6,Potential Loyalists
266,48,4,2246.34,3,3,3,9,Loyal Customers
267,55,3,3580.2,3,2,4,9,Loyal Customers
268,20,3,1743.97,4,2,2,8,Loyal Customers
269,138,3,1530.87,1,2,2,5,At Risk
270,19,3,1695.61,4,2,2,8,Loyal Customers
271,137,2,1133.1399999999999,1,1,1,3,Lost / Churned
272,53,6,4546.28,3,4,4,11,Champions
273,133,5,4571.07,1,4,4,9,Loyal Customers
274,147,3,3457.39,1,2,4,7,Potential Loyalists
275,58,2,1975.48,3,1,2,6,Potential Loyalists
276,28,6,3623.63,4,4,4,12,Champions
277,158,4,3620.84,1,3,4,8,Loyal Customers
278,42,3,2548.81,3,2,3,8,Loyal Customers
279,107,4,2330.79,2,3,3,8,Loyal Customers
280,36,7,4363.75,3,4,4,11,Champions
281,141,4,2662.43,1,3,3,7,Potential Loyalists
282,232,1,569.64,1,1,1,3,Lost / Churned
283,82,2,490.57,2,1,1,4,At Risk
284,29,5,3973.7999999999997,4,4,4,12,Champions
285,112,2,957.13,2,1,1,4,At Risk
286,131,3,2539.3199999999997,1,2,3,6,Potential Loyalists
287,10,3,2469.6,4,2,3,9,Loyal Customers
288,133,4,1686.5900000000001,1,3,2,6,Potential Loyalists
290,214,2,1626.07,1,1,2,4,At Risk
291,44,3,1796.4099999999999,3,2,2,7,Potential Loyalists
292,117,1,255.78,2,1,1,4,At Risk
293,50,4,5065.8099999999995,3,3,4,10,Champions
294,9,4,2225.74,4,3,3,10,Champions
295,182,2,3109.75,1,1,3,5,At Risk
296,176,1,686.13,1,1,1,3,Lost / Churned
297,86,2,2274.44,2,1,3,6,Potential Loyalists
298,85,3,1509.34,2,2,2,6,Potential Loyalists
299,56,4,3351.3199999999997,3,3,4,10,Champions
300,83,5,4969.0,2,4,4,10,Champions
301,22,5,2652.61,4,4,3,11,Champions
302,37,3,2512.15,3,2,3,8,Loyal Customers
303,106,2,1588.19,2,1,2,5,At Risk
304,13,8,5667.73,4,4,4,12,Champions
305,198,1,682.1,1,1,1,3,Lost / Churned
306,6,1,990.68,4,1,1,6,Potential Loyalists
307,245,1,1312.2,1,1,2,4,At Risk
308,20,5,3924.1499999999996,4,4,4,12,Champions
309,120,2,718.74,2,1,1,4,At Risk
310,236,2,315.04,1,1,1,3,Lost / Churned
311,149,2,2238.28,1,1,3,5,At Risk
312,5,1,713.36,4,1,1,6,Potential Loyalists
313,56,6,4828.4400000000005,3,4,4,11,Champions
314,181,3,3064.66,1,2,3,6,Potential Loyalists
315,32,3,1059.87,3,2,1,6,Potential Loyalists
316,36,5,4197.69,3,4,4,11,Champions
317,67,4,3207.0600000000004,2,3,3,8,Loyal Customers
318,67,5,2679.63,2,4,3,9,Loyal Customers
319,223,2,1018.1600000000001,1,1,1,3,Lost / Churned
320,9,6,4095.19,4,4,4,12,Champions
321,74,1,1121.76,2,1,1,4,At Risk
322,124,5,3236.7,2,4,3,9,Loyal Customers
323,239,2,1932.1799999999998,1,1,2,4,At Risk
324,22,4,1597.11,4,3,2,9,Loyal Customers
325,135,3,2355.8,1,2,3,6,Potential Loyalists
326,183,4,2617.81,1,3,3,7,Potential Loyalists
327,38,3,3599.54,3,2,4,9,Loyal Customers
328,194,1,382.27,1,1,1,3,Lost / Churned
329,29,4,2925.95,4,3,3,10,Champions
330,73,3,2218.92,2,2,3,7,Potential Loyalists
331,145,4,3544.75,1,3,4,8,Loyal Customers
332,119,2,1801.76,2,1,2,5,At Risk
333,42,7,8845.210000000001,3,4,4,11,Champions
334,12,4,2926.58,4,3,3,10,Champions
336,242,2,1766.94,1,1,2,4,At Risk
337,47,2,1310.77,3,1,2,6,Potential Loyalists
338,3,3,1938.91,4,2,2,8,Loyal Customers
340,83,1,1321.9,2,1,2,5,At Risk
341,276,1,458.7,1,1,1,3,Lost / Churned
342,14,7,3368.1099999999997,4,4,4,12,Champions
343,23,7,4417.87,4,4,4,12,Champions
344,36,4,2827.63,3,3,3,9,Loyal Customers
345,82,1,236.95,2,1,1,4,At Risk
346,94,2,3110.89,2,1,3,6,Potential Loyalists
347,221,2,853.13,1,1,1,3,Lost / Churned
348,20,8,8987.32,4,4,4,12,Champions
349,170,3,2522.97,1,2,3,6,Potential Loyalists
350,28,4,2734.52,4,3,3,10,Champions
351,24,4,3806.27,4,3,4,11,Champions
352,7,5,3929.91,4,4,4,12,Champions
353,43,2,2502.15,3,1,3,7,Potential Loyalists
354,55,4,3488.73,3,3,4,10,Champions
355,76,3,3574.69,2,2,4,8,Loyal Customers
356,51,5,3273.5,3,4,3,10,Champions
357,45,7,6544.96,3,4,4,11,Champions
358,191,4,4490.95,1,3,4,8,Loyal Customers
359,137,1,1033.65,1,1,1,3,Lost / Churned
360,79,5,6323.21,2,4,4,10,Champions
361,57,6,4901.12,3,4,4,11,Champions
362,80,2,1148.6,2,1,1,4,At Risk
363,194,1,1467.65,1,1,2,4,At Risk
364,38,3,843.63,3,2,1,6,Potential Loyalists
365,159,1,970.26,1,1,1,3,Lost / Churned
366,142,1,180.72,1,1,1,3,Lost / Churned
367,42,4,3156.45,3,3,3,9,Loyal Customers
368,127,1,1431.6,2,1,2,5,At Risk
369,57,3,1494.4,3,2,2,7,Potential Loyalists
371,60,3,2193.91,3,2,3,8,Loyal Customers
372,95,1,972.69,2,1,1,4,At Risk
373,65,1,1631.36,3,1,2,6,Potential Loyalists
374,48,4,1750.4099999999999,3,3,2,8,Loyal Customers
375,32,1,1755.44,3,1,2,6,Potential Loyalists
376,190,2,1414.01,1,1,2,4,At Risk
377,91,3,2215.63,2,2,3,7,Potential Loyalists
378,35,3,1134.14,3,2,1,6,Potential Loyalists
379,43,6,6377.4,3,4,4,11,Champions
380,40,3,1045.07,3,2,1,6,Potential Loyalists
381,265,1,130.56,1,1,1,3,Lost / Churned
382,31,3,3307.23,3,2,4,9,Loyal Customers
383,64,2,1373.2,3,1,2,6,Potential Loyalists
384,55,5,2107.02,3,4,2,9,Loyal Customers
386,245,1,41.32,1,1,1,3,Lost / Churned
387,124,5,3178.2999999999997,2,4,3,9,Loyal Customers
388,1,3,2721.7400000000002,4,2,3,9,Loyal Customers
389,180,2,2061.83,1,1,2,4,At Risk
390,130,4,1641.75,1,3,2,6,Potential Loyalists
391,267,1,163.8,1,1,1,3,Lost / Churned
392,102,1,1778.9,2,1,2,5,At Risk
393,34,1,485.57,3,1,1,5,At Risk
394,116,4,4622.44,2,3,4,9,Loyal Customers
395,219,2,851.1800000000001,1,1,1,3,Lost / Churned
396,225,2,1750.92,1,1,2,4,At Risk
397,172,5,3326.63,1,4,4,9,Loyal Customers
398,81,2,2899.55,2,1,3,6,Potential Loyalists
399,92,4,2857.71,2,3,3,8,Loyal Customers
400,278,1,335.07,1,1,1,3,Lost / Churned
401,141,2,528.48,1,1,1,3,Lost / Churned
402,238,2,3339.85,1,1,4,6,Potential Loyalists
403,91,2,2185.71,2,1,3,6,Potential Loyalists
405,93,2,1862.8799999999999,2,1,2,5,At Risk
406,29,2,965.65,4,1,1,6,Potential Loyalists
407,67,4,2279.58,2,3,3,8,Loyal Customers
409,95,4,1811.23,2,3,2,7,Potential Loyalists
410,42,3,2620.4500000000003,3,2,3,8,Loyal Customers
412,114,2,951.9000000000001,2,1,1,4,At Risk
413,66,3,2399.39,2,2,3,7,Potential Loyalists
414,248,2,463.0,1,1,1,3,Lost / Churned
415,21,4,4259.1,4,3,4,11,Champions
416,134,3,1548.83,1,2,2,5,At Risk
417,41,3,1946.36,3,2,2,7,Potential Loyalists
418,39,1,383.33,3,1,1,5,At Risk
419,35,5,4317.13,3,4,4,11,Champions
421,46,3,1975.47,3,2,2,7,Potential Loyalists
422,206,2,2260.48,1,1,3,5,At Risk
423,94,2,974.36,2,1,1,4,At Risk
425,48,5,5674.97,3,4,4,11,Champions
426,123,4,1521.46,2,3,2,7,Potential Loyalists
427,81,2,247.49,2,1,1,4,At Risk
428,39,6,3314.96,3,4,4,11,Champions
429,86,2,2787.8,2,1,3,6,Potential Loyalists
430,112,3,2592.77,2,2,3,7,Potential Loyalists
431,69,2,837.52,2,1,1,4,At Risk
432,127,2,2305.44,2,1,3,6,Potential Loyalists
433,247,1,729.3,1,1,1,3,Lost / Churned
434,105,3,2559.88,2,2,3,7,Potential Loyalists
435,168,1,568.42,1,1,1,3,Lost / Churned
436,79,4,4024.48,2,3,4,9,Loyal Customers
437,141,3,3578.0300000000007,1,2,4,7,Potential Loyalists
438,99,2,1399.47,2,1,2,5,At Risk
439,85,2,2195.16,2,1,3,6,Potential Loyalists
440,213,1,75.1,1,1,1,3,Lost / Churned
441,23,5,2660.89,4,4,3,11,Champions
442,212,1,1786.85,1,1,2,4,At Risk
443,99,2,2616.42,2,1,3,6,Potential Loyalists
444,25,3,1581.88,4,2,2,8,Loyal Customers
445,7,5,3839.31,4,4,4,12,Champions
446,69,4,1844.77,2,3,2,7,Potential Loyalists
447,68,4,1931.64,2,3,2,7,Potential Loyalists
450,11,6,3367.5,4,4,4,12,Champions
451,87,3,2719.42,2,2,3,7,Potential Loyalists
452,182,2,1234.77,1,1,2,4,At Risk
453,124,3,2408.7,2,2,3,7,Potential Loyalists
454,2,4,5299.91,4,3,4,11,Champions
456,300,1,403.15,1,1,1,3,Lost / Churned
457,194,1,427.0,1,1,1,3,Lost / Churned
458,202,2,2167.54,1,1,3,5,At Risk
459,10,8,7405.01,4,4,4,12,Champions
460,49,2,876.3000000000001,3,1,1,5,At Risk
461,126,2,408.42,2,1,1,4,At Risk
462,54,2,681.87,3,1,1,5,At Risk
464,63,2,1863.74,3,1,2,6,Potential Loyalists
465,13,5,6483.610000000001,4,4,4,12,Champions
466,47,1,440.07,3,1,1,5,At Risk
467,35,4,3816.7799999999997,3,3,4,10,Champions
469,257,1,672.48,1,1,1,3,Lost / Churned
470,10,4,2946.75,4,3,3,10,Champions
471,22,2,219.88,4,1,1,6,Potential Loyalists
472,45,3,1298.76,3,2,2,7,Potential Loyalists
473,57,5,2653.06,3,4,3,10,Champions
474,44,3,2725.8599999999997,3,2,3,8,Loyal Customers
476,23,5,5731.17,4,4,4,12,Champions
477,57,2,750.24,3,1,1,5,At Risk
478,121,3,5625.15,2,2,4,8,Loyal Customers
481,20,4,1794.8600000000001,4,3,2,9,Loyal Customers
482,86,4,3969.04,2,3,4,9,Loyal Customers
483,41,2,576.96,3,1,1,5,At Risk
484,47,5,2929.32,3,4,3,10,Champions
485,55,4,1945.02,3,3,2,8,Loyal Customers
486,69,4,5675.89,2,3,4,9,Loyal Customers
487,90,4,4399.88,2,3,4,9,Loyal Customers
488,29,5,4263.87,4,4,4,12,Champions
489,129,4,3295.96,1,3,4,8,Loyal Customers
490,88,1,878.49,2,1,1,4,At Risk
491,147,2,1329.62,1,1,2,4,At Risk
492,22,4,1775.28,4,3,2,9,Loyal Customers
493,74,3,3092.58,2,2,3,7,Potential Loyalists
495,152,4,2359.0299999999997,1,3,3,7,Potential Loyalists
496,5,6,3647.6,4,4,4,12,Champions
497,113,5,2590.12,2,4,3,9,Loyal Customers
498,119,3,735.26,2,2,1,5,At Risk
499,7,4,1574.4,4,3,2,9,Loyal Customers
500,42,6,4192.96,3,4,4,11,Champions
502,80,4,5078.3,2,3,4,9,Loyal Customers
503,117,3,983.75,2,2,1,5,At Risk
504,166,2,1375.1799999999998,1,1,2,4,At Risk
505,160,2,1124.58,1,1,1,3,Lost / Churned
506,7,2,1053.69,4,1,1,6,Potential Loyalists
507,42,2,2433.0299999999997,3,1,3,7,Potential Loyalists
508,94,3,3224.65,2,2,3,7,Potential Loyalists
509,6,5,1532.01,4,4,2,10,Champions
510,189,1,317.08,1,1,1,3,Lost / Churned
511,16,4,1552.05,4,3,2,9,Loyal Customers
512,241,1,1067.25,1,1,1,3,Lost / Churned
513,185,1,689.1,1,1,1,3,Lost / Churned
514,152,2,445.96999999999997,1,1,1,3,Lost / Churned
516,1,3,4204.35,4,2,4,10,Champions
517,90,3,4364.84,2,2,4,8,Loyal Customers
518,49,3,2656.4700000000003,3,2,3,8,Loyal Customers
519,23,3,1810.4199999999998,4,2,2,8,Loyal Customers
520,24,3,2574.88,4,2,3,9,Loyal Customers
521,87,3,2166.63,2,2,3,7,Potential Loyalists
522,82,4,3311.1200000000003,2,3,4,9,Loyal Customers
523,11,3,4201.7,4,2,4,10,Champions
524,208,3,1471.55,1,2,2,5,At Risk
525,20,2,2225.5,4,1,3,8,Loyal Customers
526,20,5,6952.8099999999995,4,4,4,12,Champions
528,199,1,195.29,1,1,1,3,Lost / Churned
529,138,2,1492.56,1,1,2,4,At Risk
530,87,3,2694.82,2,2,3,7,Potential Loyalists
531,34,4,6020.200000000001,3,3,4,10,Champions
532,87,5,4717.43,2,4,4,10,Champions
533,7,2,761.26,4,1,1,6,Potential Loyalists
534,55,4,3400.9300000000003,3,3,4,10,Champions
535,193,2,3349.91,1,1,4,6,Potential Loyalists
536,48,3,1445.38,3,2,2,7,Potential Loyalists
537,20,5,4522.2,4,4,4,12,Champions
538,67,5,4439.82,2,4,4,10,Champions
539,27,5,4504.91,4,4,4,12,Champions
540,72,4,1984.17,2,3,2,7,Potential Loyalists
541,104,1,107.76,2,1,1,4,At Risk
542,14,4,3015.55,4,3,3,10,Champions
543,68,6,3234.97,2,4,3,9,Loyal Customers
544,256,1,2231.15,1,1,3,5,At Risk
545,95,1,783.15,2,1,1,4,At Risk
546,259,1,822.34,1,1,1,3,Lost / Churned
547,11,3,1544.41,4,2,2,8,Loyal Customers
548,1,3,377.42,4,2,1,7,Potential Loyalists
549,149,1,1150.08,1,1,1,3,Lost / Churned
551,54,5,1718.38,3,4,2,9,Loyal Customers
552,90,5,897.49,2,4,1,7,Potential Loyalists
553,46,5,4755.26,3,4,4,11,Champions
554,54,5,1435.28,3,4,2,9,Loyal Customers
555,18,3,1302.06,4,2,2,8,Loyal Customers
556,230,1,469.75,1,1,1,3,Lost / Churned
557,48,2,826.51,3,1,1,5,At Risk
558,5,4,3105.29,4,3,3,10,Champions
559,98,2,1840.1399999999999,2,1,2,5,At Risk
560,53,6,4752.9,3,4,4,11,Champions
561,103,5,2362.91,2,4,3,9,Loyal Customers
562,111,3,2080.79,2,2,2,6,Potential Loyalists
563,126,2,1012.67,2,1,1,4,At Risk
564,208,4,4669.95,1,3,4,8,Loyal Customers
565,58,4,2408.75,3,3,3,9,Loyal Customers
566,92,3,2283.11,2,2,3,7,Potential Loyalists
567,36,5,3717.27,3,4,4,11,Champions
568,171,4,2832.76,1,3,3,7,Potential Loyalists
569,167,1,658.95,1,1,1,3,Lost / Churned
570,59,4,3349.46,3,3,4,10,Champions
571,25,2,716.49,4,1,1,6,Potential Loyalists
572,89,4,2829.04,2,3,3,8,Loyal Customers
573,38,3,4160.34,3,2,4,9,Loyal Customers
574,260,2,2946.68,1,1,3,5,At Risk
575,112,3,4340.22,2,2,4,8,Loyal Customers
576,31,1,885.85,3,1,1,5,At Risk
577,79,3,2730.84,2,2,3,7,Potential Loyalists
578,70,2,2070.16,2,1,2,5,At Risk
579,65,4,3778.41,3,3,4,10,Champions
580,114,4,1414.62,2,3,2,7,Potential Loyalists
581,257,2,1256.27,1,1,2,4,At Risk
582,77,3,1462.31,2,2,2,6,Potential Loyalists
583,40,3,2102.89,3,2,2,7,Potential Loyalists
584,122,2,2409.94,2,1,3,6,Potential Loyalists
585,202,1,1009.12,1,1,1,3,Lost / Churned
586,6,2,817.62,4,1,1,6,Potential Loyalists
587,128,3,3221.7,1,2,3,6,Potential Loyalists
588,32,3,1684.77,3,2,2,7,Potential Loyalists
589,203,2,682.53,1,1,1,3,Lost / Churned
590,51,4,2842.62,3,3,3,9,Loyal Customers
591,239,1,1698.16,1,1,2,4,At Risk
592,43,2,1772.8600000000001,3,1,2,6,Potential Loyalists
593,12,6,5916.6,4,4,4,12,Champions
594,11,3,1301.49,4,2,2,8,Loyal Customers
595,279,1,1196.43,1,1,2,4,At Risk
596,152,1,101.1,1,1,1,3,Lost / Churned
597,128,2,887.29,1,1,1,3,Lost / Churned
598,49,4,2547.3,3,3,3,9,Loyal Customers
599,1,5,2483.61,4,4,3,11,Champions
600,4,4,3691.15,4,3,4,11,Champions
601,83,3,1579.3200000000002,2,2,2,6,Potential Loyalists
602,254,1,634.64,1,1,1,3,Lost / Churned
603,10,2,763.86,4,1,1,6,Potential Loyalists
604,143,3,3071.85,1,2,3,6,Potential Loyalists
605,86,1,1168.1,2,1,2,5,At Risk
606,38,4,4784.0,3,3,4,10,Champions
607,20,4,1930.62,4,3,2,9,Loyal Customers
608,55,4,2923.96,3,3,3,9,Loyal Customers
609,293,1,1930.75,1,1,2,4,At Risk
610,52,1,119.3,3,1,1,5,At Risk
611,85,1,571.76,2,1,1,4,At Risk
612,34,8,4154.48,3,4,4,11,Champions
613,68,5,5623.280000000001,2,4,4,10,Champions
614,25,6,5013.240000000001,4,4,4,12,Champions
615,52,5,5692.4800000000005,3,4,4,11,Champions
616,189,1,312.38,1,1,1,3,Lost / Churned
617,21,5,1853.6,4,4,2,10,Champions
618,45,1,549.72,3,1,1,5,At Risk
619,82,2,797.97,2,1,1,4,At Risk
620,43,3,3593.39,3,2,4,9,Loyal Customers
621,2,5,3128.45,4,4,3,11,Champions
622,85,6,3258.18,2,4,3,9,Loyal Customers
623,72,4,3427.06,2,3,4,9,Loyal Customers
624,95,3,1227.95,2,2,2,6,Potential Loyalists
625,298,1,620.72,1,1,1,3,Lost / Churned
626,79,2,1999.8400000000001,2,1,2,5,At Risk
627,74,4,3226.5099999999998,2,3,3,8,Loyal Customers
628,159,2,1119.43,1,1,1,3,Lost / Churned
629,29,3,900.39,4,2,1,7,Potential Loyalists
630,59,5,5202.1900000000005,3,4,4,11,Champions
631,50,3,3055.36,3,2,3,8,Loyal Customers
632,84,1,975.08,2,1,1,4,At Risk
633,192,3,2440.52,1,2,3,6,Potential Loyalists
634,186,2,915.3000000000001,1,1,1,3,Lost / Churned
635,32,2,215.44,3,1,1,5,At Risk
636,194,3,1388.78,1,2,2,5,At Risk
637,197,7,5500.3,1,4,4,9,Loyal Customers
638,1,3,1802.4099999999999,4,2,2,8,Loyal Customers
639,34,2,1349.23,3,1,2,6,Potential Loyalists
640,53,4,2930.68,3,3,3,9,Loyal Customers
641,4,2,2428.72,4,1,3,8,Loyal Customers
642,18,5,2837.5099999999998,4,4,3,11,Champions
644,18,3,2280.97,4,2,3,9,Loyal Customers
645,300,1,1008.84,1,1,1,3,Lost / Churned
646,6,7,3910.52,4,4,4,12,Champions
647,97,4,4353.099999999999,2,3,4,9,Loyal Customers
648,77,4,3917.4300000000003,2,3,4,9,Loyal Customers
649,4,4,3646.31,4,3,4,11,Champions
650,82,4,2955.93,2,3,3,8,Loyal Customers
651,172,3,1600.16,1,2,2,5,At Risk
652,83,3,1297.51,2,2,2,6,Potential Loyalists
653,94,5,3983.0,2,4,4,10,Champions
654,46,4,2754.23,3,3,3,9,Loyal Customers
655,61,3,1681.6999999999998,3,2,2,7,Potential Loyalists
656,62,3,1083.23,3,2,1,6,Potential Loyalists
657,39,4,4102.03,3,3,4,10,Champions
658,10,2,1888.52,4,1,2,7,Potential Loyalists
659,214,2,1677.6299999999999,1,1,2,4,At Risk
660,3,3,3832.9399999999996,4,2,4,10,Champions
661,39,3,4386.66,3,2,4,9,Loyal Customers
662,14,3,1556.62,4,2,2,8,Loyal Customers
663,292,1,1351.95,1,1,2,4,At Risk
664,162,4,2402.98,1,3,3,7,Potential Loyalists
665,27,3,1532.8,4,2,2,8,Loyal Customers
666,74,3,1943.0,2,2,2,6,Potential Loyalists
667,46,1,310.81,3,1,1,5,At Risk
668,14,3,1474.71,4,2,2,8,Loyal Customers
669,12,3,2989.22,4,2,3,9,Loyal Customers
670,197,3,1121.2,1,2,1,4,At Risk
672,117,3,2507.98,2,2,3,7,Potential Loyalists
673,160,3,3220.23,1,2,3,6,Potential Loyalists
674,250,2,2671.4,1,1,3,5,At Risk
675,259,1,1898.2,1,1,2,4,At Risk
676,140,3,1315.25,1,2,2,5,At Risk
677,283,1,196.28,1,1,1,3,Lost / Churned
678,97,2,797.3399999999999,2,1,1,4,At Risk
679,64,5,4579.860000000001,3,4,4,11,Champions
680,61,3,392.61,3,2,1,6,Potential Loyalists
681,113,3,1332.11,2,2,2,6,Potential Loyalists
682,147,1,450.51,1,1,1,3,Lost / Churned
683,204,1,775.8,1,1,1,3,Lost / Churned
684,55,2,734.59,3,1,1,5,At Risk
685,36,5,4008.87,3,4,4,11,Champions
686,114,3,2078.3,2,2,2,6,Potential Loyalists
687,75,4,1785.04,2,3,2,7,Potential Loyalists
688,86,4,2188.99,2,3,3,8,Loyal Customers
689,138,2,2734.79,1,1,3,5,At Risk
690,114,5,1772.21,2,4,2,8,Loyal Customers
691,29,8,7029.07,4,4,4,12,Champions
692,33,3,1588.53,3,2,2,7,Potential Loyalists
693,168,4,3509.61,1,3,4,8,Loyal Customers
694,36,4,2591.0699999999997,3,3,3,9,Loyal Customers
695,224,1,1852.56,1,1,2,4,At Risk
696,277,2,1187.28,1,1,2,4,At Risk
697,4,5,1641.35,4,4,2,10,Champions
698,100,3,3325.49,2,2,4,8,Loyal Customers
699,121,3,2174.12,2,2,3,7,Potential Loyalists
700,77,4,2152.96,2,3,3,8,Loyal Customers
701,107,2,207.52,2,1,1,4,At Risk
702,22,3,3711.12,4,2,4,10,Champions
703,95,4,725.71,2,3,1,6,Potential Loyalists
704,49,4,2533.94,3,3,3,9,Loyal Customers
705,117,2,1327.85,2,2,2,6,Potential Loyalists
706,23,6,3323.63,4,4,4,12,Champions
707,34,6,2527.9300000000003,3,4,3,10,Champions
708,55,2,2229.74,3,2,3,8,Loyal Customers
709,161,2,2180.46,1,2,3,6,Potential Loyalists
710,82,2,849.75,2,2,1,5,At Risk
711,12,3,3159.61,4,2,3,9,Loyal Customers
712,190,1,526.2,1,1,1,3,Lost / Churned
713,46,1,1359.48,3,1,2,6,Potential Loyalists
714,192,1,943.1,1,1,1,3,Lost / Churned
715,5,3,2233.0,4,2,3,9,Loyal Customers
716,78,3,2616.02,2,2,3,7,Potential Loyalists
718,47,3,2315.4300000000003,3,2,3,8,Loyal Customers
720,114,2,489.98,2,2,1,5,At Risk
721,188,2,1488.3,1,2,2,5,At Risk
722,76,1,1220.88,2,1,2,5,At Risk
723,89,4,3541.0499999999997,2,3,4,9,Loyal Customers
724,143,3,1805.92,1,2,2,5,At Risk
725,175,3,3735.8,1,2,4,7,Potential Loyalists
726,98,3,1324.8200000000002,2,2,2,6,Potential Loyalists
727,19,2,346.7,4,2,1,7,Potential Loyalists
728,100,3,3093.6400000000003,2,2,3,7,Potential Loyalists
729,44,2,2171.96,3,2,3,8,Loyal Customers
730,25,4,2416.55,4,3,3,10,Champions
731,67,2,719.3,2,2,1,5,At Risk
732,59,4,3767.0699999999997,3,3,4,10,Champions
733,27,4,1532.0,4,3,2,9,Loyal Customers
734,88,3,3106.62,2,2,3,7,Potential Loyalists
735,109,2,907.58,2,2,1,5,At Risk
736,189,3,1134.9,1,2,1,4,At Risk
737,15,2,1296.5700000000002,4,2,2,8,Loyal Customers
738,11,5,7111.05,4,4,4,12,Champions
739,59,4,2085.56,3,3,2,8,Loyal Customers
740,6,4,1038.1399999999999,4,3,1,8,Loyal Customers
742,2,7,5109.42,4,4,4,12,Champions
743,127,1,1323.7,2,1,2,5,At Risk
744,98,4,4752.25,2,3,4,9,Loyal Customers
745,24,2,598.61,4,2,1,7,Potential Loyalists
746,4,3,1668.9,4,2,2,8,Loyal Customers
747,93,3,1158.58,2,2,1,5,At Risk
748,19,3,3441.48,4,2,4,10,Champions
749,157,3,1155.75,1,2,1,4,At Risk
750,211,1,1039.53,1,1,1,3,Lost / Churned
751,57,2,1227.3799999999999,3,2,2,7,Potential Loyalists
752,48,7,4365.28,3,4,4,11,Champions
753,192,1,975.82,1,1,1,3,Lost / Churned
755,18,5,4563.82,4,4,4,12,Champions
756,18,1,839.1,4,1,1,6,Potential Loyalists
757,187,3,2879.57,1,3,3,7,Potential Loyalists
758,16,3,718.9200000000001,4,3,1,8,Loyal Customers
759,40,5,2537.16,3,4,3,10,Champions
760,137,2,1236.3000000000002,1,2,2,5,At Risk
761,60,6,2619.5,3,4,3,10,Champions
762,6,4,2160.05,4,3,3,10,Champions
763,92,4,3202.73,2,3,3,8,Loyal Customers
764,139,3,1813.79,1,3,2,6,Potential Loyalists
765,105,5,3344.87,2,4,4,10,Champions
766,35,1,1552.6,3,1,2,6,Potential Loyalists
767,267,1,890.34,1,1,1,3,Lost / Churned
768,93,3,2803.58,2,3,3,8,Loyal Customers
769,112,1,179.15,2,1,1,4,At Risk
770,51,5,2535.25,3,4,3,10,Champions
771,54,3,2261.26,3,3,3,9,Loyal Customers
772,129,2,1781.76,1,2,2,5,At Risk
773,75,3,2286.0,2,3,3,8,Loyal Customers
774,31,3,1313.59,3,3,2,8,Loyal Customers
775,1,4,3300.16,4,3,4,11,Champions
776,23,4,2355.39,4,3,3,10,Champions
777,30,2,2356.13,3,2,3,8,Loyal Customers
778,173,2,596.52,1,2,1,4,At Risk
779,46,6,5049.4,3,4,4,11,Champions
780,195,2,279.74,1,2,1,4,At Risk
781,6,4,1358.82,4,3,2,9,Loyal Customers
782,13,3,668.01,4,3,1,8,Loyal Customers
783,8,2,939.25,4,2,1,7,Potential Loyalists
784,108,3,1362.63,2,3,2,7,Potential Loyalists
785,189,2,4392.65,1,2,4,7,Potential Loyalists
787,69,2,925.92,2,2,1,5,At Risk
789,56,2,2125.83,3,2,2,7,Potential Loyalists
790,36,3,1451.68,3,3,2,8,Loyal Customers
791,14,8,6607.15,4,4,4,12,Champions
792,69,3,3770.18,2,3,4,9,Loyal Customers
793,235,1,139.9,1,1,1,3,Lost / Churned
795,178,2,1152.2,1,2,1,4,At Risk
796,117,4,3290.05,2,3,3,8,Loyal Customers
797,113,4,4886.9400000000005,2,3,4,9,Loyal Customers
798,202,2,2893.19,1,2,3,6,Potential Loyalists
799,1,2,4001.33,4,2,4,10,Champions
800,85,2,1193.6999999999998,2,2,2,6,Potential Loyalists
801,3,5,3381.21,4,4,4,12,Champions
802,5,6,5578.65,4,4,4,12,Champions
803,157,3,3096.66,1,3,3,7,Potential Loyalists
804,5,5,3701.5600000000004,4,4,4,12,Champions
805,177,4,2432.0,1,3,3,7,Potential Loyalists
806,224,3,3528.19,1,3,4,8,Loyal Customers
807,68,3,3079.83,2,3,3,8,Loyal Customers
808,60,3,1341.38,3,3,2,8,Loyal Customers
809,59,3,1518.88,3,3,2,8,Loyal Customers
810,200,1,1785.05,1,1,2,4,At Risk
811,101,3,2013.3700000000001,2,3,2,7,Potential Loyalists
812,253,2,1965.26,1,2,2,5,At Risk
813,68,2,1590.45,2,2,2,6,Potential Loyalists
814,64,3,1327.24,3,3,2,8,Loyal Customers
815,37,5,6311.48,3,4,4,11,Champions
816,167,2,1123.3500000000001,1,2,1,4,At Risk
817,109,2,1852.01,2,2,2,6,Potential Loyalists
818,16,3,5042.639999999999,4,3,4,11,Champions
819,19,5,3019.33,4,4,3,11,Champions
820,8,7,5188.23,4,4,4,12,Champions
821,52,2,1245.74,3,2,2,7,Potential Loyalists
823,62,5,3698.61,3,4,4,11,Champions
824,69,2,392.32,2,2,1,5,At Risk
825,20,2,1041.3400000000001,4,2,1,7,Potential Loyalists
826,64,5,3907.85,3,4,4,11,Champions
827,48,3,3347.05,3,3,4,10,Champions
828,38,2,2150.33,3,2,3,8,Loyal Customers
829,119,1,915.42,2,1,1,4,At Risk
830,100,3,1774.95,2,3,2,7,Potential Loyalists
831,21,4,2476.06,4,3,3,10,Champions
832,231,1,85.64,1,1,1,3,Lost / Churned
833,19,5,3171.24,4,4,3,11,Champions
834,40,1,1324.05,3,1,2,6,Potential Loyalists
835,46,6,1788.02,3,4,2,9,Loyal Customers
836,21,4,2268.23,4,3,3,10,Champions
837,95,2,766.1999999999999,2,2,1,5,At Risk
838,48,1,64.6,3,1,1,5,At Risk
839,29,5,2721.77,4,4,3,11,Champions
841,22,7,3699.68,4,4,4,12,Champions
842,16,3,3544.25,4,3,4,11,Champions
843,242,2,1988.3899999999999,1,2,2,5,At Risk
845,35,6,5809.92,3,4,4,11,Champions
846,32,2,424.64,3,2,1,6,Potential Loyalists
847,54,1,1179.1,3,1,2,6,Potential Loyalists
848,76,3,2069.3900000000003,2,3,2,7,Potential Loyalists
849,57,4,4500.37,3,3,4,10,Champions
850,57,2,2318.8599999999997,3,2,3,8,Loyal Customers
851,227,2,2801.68,1,2,3,6,Potential Loyalists
852,125,3,1131.49,2,3,1,6,Potential Loyalists
853,35,2,2478.84,3,2,3,8,Loyal Customers
854,189,3,4268.91,1,3,4,8,Loyal Customers
855,74,5,6162.95,2,4,4,10,Champions
856,65,5,7444.66,3,4,4,11,Champions
857,190,1,1737.75,1,1,2,4,At Risk
858,16,4,2288.06,4,3,3,10,Champions
859,3,4,2202.17,4,3,3,10,Champions
860,50,4,4287.16,3,3,4,10,Champions
861,30,2,851.08,3,2,1,6,Potential Loyalists
862,65,2,1473.0500000000002,3,2,2,7,Potential Loyalists
863,24,4,1721.3400000000001,4,3,2,9,Loyal Customers
864,35,1,396.22,3,1,1,5,At Risk
865,80,2,1688.04,2,2,2,6,Potential Loyalists
866,43,2,1685.62,3,2,2,7,Potential Loyalists
867,76,3,2905.1000000000004,2,3,3,8,Loyal Customers
868,1,2,1534.6499999999999,4,2,2,8,Loyal Customers
869,1,6,5862.33,4,4,4,12,Champions
870,6,5,2332.24,4,4,3,11,Champions
871,19,2,1826.6799999999998,4,2,2,8,Loyal Customers
872,256,2,1748.7099999999998,1,2,2,5,At Risk
873,49,5,1487.92,3,4,2,9,Loyal Customers
874,161,3,3410.44,1,3,4,8,Loyal Customers
875,228,1,550.59,1,1,1,3,Lost / Churned
876,33,3,1441.87,3,3,2,8,Loyal Customers
877,157,2,2450.7599999999998,1,2,3,6,Potential Loyalists
878,7,6,5070.53,4,4,4,12,Champions
879,29,6,4477.08,4,4,4,12,Champions
880,5,3,804.89,4,3,1,8,Loyal Customers
881,129,2,564.29,1,2,1,4,At Risk
882,4,3,2394.3300000000004,4,3,3,10,Champions
883,62,2,2278.43,3,2,3,8,Loyal Customers
884,64,2,1133.1,3,2,1,6,Potential Loyalists
885,167,1,236.55,1,1,1,3,Lost / Churned
886,87,1,800.35,2,1,1,4,At Risk
887,97,2,500.24,2,2,1,5,At Risk
888,19,2,981.62,4,2,1,7,Potential Loyalists
889,88,2,503.83,2,2,1,5,At Risk
890,279,2,2995.16,1,2,3,6,Potential Loyalists
891,61,2,1738.85,3,2,2,7,Potential Loyalists
892,56,1,730.15,3,1,1,5,At Risk
893,42,4,968.8499999999999,3,3,1,7,Potential Loyalists
894,214,2,1095.6,1,2,1,4,At Risk
895,41,1,872.48,3,1,1,5,At Risk
896,263,1,1399.8,1,1,2,4,At Risk
897,190,2,1240.81,1,2,2,5,At Risk
898,172,2,424.89000000000004,1,2,1,4,At Risk
899,53,3,4467.68,3,3,4,10,Champions
900,51,3,1032.9,3,3,1,7,Potential Loyalists
901,7,3,3152.3999999999996,4,3,3,10,Champions
902,21,3,2009.97,4,3,2,9,Loyal Customers
903,167,2,457.65,1,2,1,4,At Risk
904,21,3,1634.19,4,3,2,9,Loyal Customers
905,10,3,3846.25,4,3,4,11,Champions
906,9,2,833.5500000000001,4,2,1,7,Potential Loyalists
907,11,5,2955.64,4,4,3,11,Champions
908,19,5,2962.79,4,4,3,11,Champions
909,252,1,724.05,1,1,1,3,Lost / Churned
910,42,3,1499.51,3,3,2,8,Loyal Customers
911,117,4,2508.83,2,3,3,8,Loyal Customers
912,153,3,4700.45,1,3,4,8,Loyal Customers
913,1,4,3185.6,4,3,3,10,Champions
914,64,1,257.64,3,1,1,5,At Risk
915,8,6,5165.53,4,4,4,12,Champions
916,22,3,2372.71,4,3,3,10,Champions
917,50,3,698.1700000000001,3,3,1,7,Potential Loyalists
918,240,2,2587.75,1,2,3,6,Potential Loyalists
919,22,1,440.46,4,1,1,6,Potential Loyalists
920,57,4,3946.98,3,3,4,10,Champions
921,59,3,2232.58,3,3,3,9,Loyal Customers
922,246,1,449.93,1,1,1,3,Lost / Churned
923,191,2,2825.78,1,2,3,6,Potential Loyalists
924,92,2,1579.64,2,2,2,6,Potential Loyalists
925,57,5,3766.49,3,4,4,11,Champions
926,44,2,1976.1000000000001,3,2,2,7,Potential Loyalists
927,128,1,1240.32,1,1,2,4,At Risk
928,97,2,3658.23,2,2,4,8,Loyal Customers
929,19,3,827.74,4,3,1,8,Loyal Customers
930,7,6,6275.79,4,4,4,12,Champions
931,9,4,3561.16,4,3,4,11,Champions
932,58,2,1988.4,3,2,2,7,Potential Loyalists
933,87,4,4437.14,2,3,4,9,Loyal Customers
934,16,7,3834.47,4,4,4,12,Champions
935,68,2,1586.54,2,2,2,6,Potential Loyalists
937,159,2,651.71,1,2,1,4,At Risk
938,62,5,3009.85,3,4,3,10,Champions
939,223,1,11.34,1,1,1,3,Lost / Churned
940,14,4,3474.3,4,3,4,11,Champions
941,7,5,3104.09,4,4,3,11,Champions
942,1,3,4133.75,4,3,4,11,Champions
943,42,8,6897.45,3,4,4,11,Champions
944,47,4,3899.46,3,3,4,10,Champions
945,71,2,186.84,2,2,1,5,At Risk
946,32,4,3780.05,3,3,4,10,Champions
947,53,2,2068.2799999999997,3,2,2,7,Potential Loyalists
948,86,5,6931.37,2,4,4,10,Champions
949,91,2,1211.18,2,2,2,6,Potential Loyalists
950,26,6,2522.4700000000003,4,4,3,11,Champions
951,45,3,1832.98,3,3,2,8,Loyal Customers
952,26,3,1380.2,4,3,2,9,Loyal Customers
953,279,1,1193.36,1,1,2,4,At Risk
954,21,3,2222.0,4,3,3,10,Champions
955,64,7,3374.0699999999997,3,4,4,11,Champions
956,25,5,3554.35,4,4,4,12,Champions
957,29,3,2541.7599999999998,4,3,3,10,Champions
958,299,1,1865.4,1,1,2,4,At Risk
959,94,1,2490.45,2,1,3,6,Potential Loyalists
960,229,1,464.28,1,1,1,3,Lost / Churned
961,44,3,2002.67,3,3,2,8,Loyal Customers
962,113,5,5669.43,2,4,4,10,Champions
963,15,4,2199.76,4,3,3,10,Champions
964,32,3,1574.3400000000001,3,3,2,8,Loyal Customers
965,57,2,3052.76,3,2,3,8,Loyal Customers
966,39,2,1106.54,3,2,1,6,Potential Loyalists
967,91,2,1977.76,2,2,2,6,Potential Loyalists
968,127,5,2059.1,2,4,2,8,Loyal Customers
969,70,3,4733.66,2,3,4,9,Loyal Customers
971,14,4,2916.77,4,3,3,10,Champions
972,112,3,3285.5,2,3,3,8,Loyal Customers
973,26,2,320.76,4,2,1,7,Potential Loyalists
974,242,1,2255.45,1,1,3,5,At Risk
975,190,2,1752.1999999999998,1,2,2,5,At Risk
976,45,2,1627.73,3,2,2,7,Potential Loyalists
977,9,3,2269.85,4,3,3,10,Champions
978,112,4,7601.95,2,3,4,9,Loyal Customers
979,44,1,994.3,3,1,1,5,At Risk
980,56,1,606.96,3,1,1,5,At Risk
981,168,2,519.67,1,2,1,4,At Risk
982,128,5,5067.48,1,4,4,9,Loyal Customers
983,41,4,3515.7599999999998,3,3,4,10,Champions
984,3,4,3715.9,4,3,4,11,Champions
985,195,2,2298.85,1,2,3,6,Potential Loyalists
986,25,3,1466.88,4,3,2,9,Loyal Customers
987,37,5,3507.68,3,4,4,11,Champions
988,47,3,2154.06,3,3,3,9,Loyal Customers
989,90,3,2170.8500000000004,2,3,3,8,Loyal Customers
991,147,5,3601.62,1,4,4,9,Loyal Customers
992,2,2,2289.34,4,2,3,9,Loyal Customers
993,15,3,1919.35,4,3,2,9,Loyal Customers
994,218,2,3180.46,1,2,3,6,Potential Loyalists
995,130,3,1417.85,1,3,2,6,Potential Loyalists
996,101,2,566.11,2,2,1,5,At Risk
997,119,1,42.8,2,1,1,4,At Risk
998,107,5,4610.1900000000005,2,4,4,10,Champions
999,8,2,2039.45,4,2,2,8,Loyal Customers
1000,2,2,3086.1499999999996,4,2,3,9,Loyal Customers
1001,105,3,1400.55,2,3,2,7,Potential Loyalists
1002,35,5,2936.86,3,4,3,10,Champions
1003,39,2,2216.42,3,2,3,8,Loyal Customers
1004,36,4,4037.0600000000004,3,4,4,11,Champions
1005,83,2,2244.54,2,2,3,7,Potential Loyalists
1006,221,2,2364.21,1,2,3,6,Potential Loyalists
1007,10,7,4915.52,4,4,4,12,Champions
1008,144,3,1883.35,1,3,2,6,Potential Loyalists
1009,33,6,4375.599999999999,3,4,4,11,Champions
1010,249,4,4511.44,1,4,4,9,Loyal Customers
1011,191,2,2174.02,1,2,3,6,Potential Loyalists
1012,158,2,796.36,1,2,1,4,At Risk
1013,139,5,5162.129999999999,1,4,4,9,Loyal Customers
1014,87,3,301.06,2,3,1,6,Potential Loyalists
1015,105,3,3324.8199999999997,2,3,4,9,Loyal Customers
1016,123,3,2637.68,2,3,3,8,Loyal Customers
1017,22,3,2704.37,4,3,3,10,Champions
1018,10,2,2930.12,4,2,3,9,Loyal Customers
1019,12,4,3496.67,4,4,4,12,Champions
1020,175,2,1072.8799999999999,1,2,1,4,At Risk
1021,52,5,4559.110000000001,3,4,4,11,Champions
1022,141,2,1053.96,1,2,1,4,At Risk
1024,116,3,1614.58,2,3,2,7,Potential Loyalists
1025,44,3,1634.74,3,3,2,8,Loyal Customers
1026,298,1,1909.0,1,1,2,4,At Risk
1027,31,3,2762.33,3,3,3,9,Loyal Customers
1028,28,3,4721.2300000000005,4,3,4,11,Champions
1029,40,1,1416.0,3,1,2,6,Potential Loyalists
1030,60,6,4861.2,3,4,4,11,Champions
1031,4,5,2742.24,4,4,3,11,Champions
1032,35,2,1410.2199999999998,3,2,2,7,Potential Loyalists
1033,3,4,4645.110000000001,4,4,4,12,Champions
1035,287,1,63.44,1,1,1,3,Lost / Churned
1036,44,3,3333.13,3,3,4,10,Champions
1037,91,5,3326.02,2,4,4,10,Champions
1038,135,2,2101.09,1,2,2,5,At Risk
1039,38,4,2262.12,3,4,3,10,Champions
1040,39,4,4375.62,3,4,4,11,Champions
1041,56,6,2199.6499999999996,3,4,3,10,Champions
1042,38,5,7610.85,3,4,4,11,Champions
1043,18,3,3390.4700000000003,4,3,4,11,Champions
1044,30,1,111.93,3,1,1,5,At Risk
1045,58,2,3937.1400000000003,3,2,4,9,Loyal Customers
1046,179,1,203.76,1,1,1,3,Lost / Churned
1047,27,7,3817.7799999999997,4,4,4,12,Champions
1048,13,5,3106.17,4,4,3,11,Champions
1049,156,3,4011.75,1,3,4,8,Loyal Customers
1050,51,4,4256.63,3,4,4,11,Champions
1051,243,1,1429.1,1,1,2,4,At Risk
1052,67,6,5473.22,2,4,4,10,Champions
1053,55,2,712.94,3,2,1,6,Potential Loyalists
1054,180,2,1053.39,1,2,1,4,At Risk
1055,141,2,936.8199999999999,1,2,1,4,At Risk
1058,155,2,278.6,1,2,1,4,At Risk
1059,86,1,332.16,2,1,1,4,At Risk
1061,118,6,6272.39,2,4,4,10,Champions
1062,51,5,2880.81,3,4,3,10,Champions
1063,13,3,795.05,4,3,1,8,Loyal Customers
1064,2,5,3181.06,4,4,3,11,Champions
1065,32,1,819.21,3,1,1,5,At Risk
1066,26,2,1862.31,4,2,2,8,Loyal Customers
1067,91,3,1956.1,2,3,2,7,Potential Loyalists
1068,28,3,1050.04,4,3,1,8,Loyal Customers
1069,249,1,385.2,1,1,1,3,Lost / Churned
1071,224,2,324.94,1,2,1,4,At Risk
1072,61,2,1273.8200000000002,3,2,2,7,Potential Loyalists
1073,52,4,4669.0599999999995,3,4,4,11,Champions
1074,146,1,1178.88,1,1,2,4,At Risk
1075,95,3,1287.08,2,3,2,7,Potential Loyalists
1076,183,1,1420.29,1,1,2,4,At Risk
1077,72,5,2963.7,2,4,3,9,Loyal Customers
1078,139,2,896.29,1,2,1,4,At Risk
1079,29,3,2726.64,4,3,3,10,Champions
1080,111,5,3515.49,2,4,4,10,Champions
1081,238,2,2136.4300000000003,1,2,3,6,Potential Loyalists
1082,276,2,932.2900000000001,1,2,1,4,At Risk
1083,19,2,664.72,4,2,1,7,Potential Loyalists
1084,142,3,2305.0600000000004,1,3,3,7,Potential Loyalists
1085,2,5,4603.3099999999995,4,4,4,12,Champions
1086,56,2,2848.28,3,2,3,8,Loyal Customers
1087,41,3,950.3900000000001,3,3,1,7,Potential Loyalists
1088,77,2,429.56,2,2,1,5,At Risk
1089,15,6,5463.1900000000005,4,4,4,12,Champions
1090,171,2,1271.4499999999998,1,2,2,5,At Risk
1091,170,3,3578.5899999999997,1,3,4,8,Loyal Customers
1092,80,4,2793.51,2,4,3,9,Loyal Customers
1093,55,3,3350.13,3,3,4,10,Champions
1094,67,3,1152.53,2,3,1,6,Potential Loyalists
1095,50,3,3156.67,3,3,3,9,Loyal Customers
1096,142,1,142.85,1,1,1,3,Lost / Churned
1097,50,1,153.48,3,1,1,5,At Risk
1098,152,3,4964.38,1,3,4,8,Loyal Customers
1099,52,7,2603.54,3,4,3,10,Champions
1101,90,5,3315.7000000000003,2,4,4,10,Champions
1102,228,4,3631.1,1,4,4,9,Loyal Customers
1103,15,2,3437.39,4,2,4,10,Champions
1104,41,2,436.27000000000004,3,2,1,6,Potential Loyalists
1105,197,3,2019.5700000000002,1,3,2,6,Potential Loyalists
1106,63,3,3687.8399999999997,3,3,4,10,Champions
1107,33,3,627.24,3,3,1,7,Potential Loyalists
1108,40,3,2033.42,3,3,2,8,Loyal Customers
1109,8,2,2181.7400000000002,4,2,3,9,Loyal Customers
1110,44,3,2740.27,3,3,3,9,Loyal Customers
1111,55,2,463.64,3,2,1,6,Potential Loyalists
1112,26,5,1645.22,4,4,2,10,Champions
1113,55,2,1353.56,3,2,2,7,Potential Loyalists
1114,168,2,1929.42,1,2,2,5,At Risk
1115,87,2,2082.7,2,2,2,6,Potential Loyalists
1116,73,3,2997.94,2,3,3,8,Loyal Customers
1117,8,3,2412.4700000000003,4,3,3,10,Champions
1118,149,3,2332.82,1,3,3,7,Potential Loyalists
1119,55,5,2953.41,3,4,3,10,Champions
1120,165,1,250.94,1,1,1,3,Lost / Churned
1121,1,3,1702.0900000000001,4,3,2,9,Loyal Customers
1122,28,4,2257.9300000000003,4,4,3,11,Champions
1123,149,2,678.25,1,2,1,4,At Risk
1124,163,3,2555.73,1,3,3,7,Potential Loyalists
1125,51,1,799.8,3,1,1,5,At Risk
1126,35,2,1296.28,3,2,2,7,Potential Loyalists
1127,23,3,2632.81,4,3,3,10,Champions
1128,154,5,2791.42,1,4,3,8,Loyal Customers
1130,6,4,2527.0,4,4,3,11,Champions
1131,30,3,2041.3799999999999,3,3,2,8,Loyal Customers
1132,8,6,3636.87,4,4,4,12,Champions
1133,132,2,1516.94,1,2,2,5,At Risk
1134,4,2,2016.33,4,2,2,8,Loyal Customers
1135,38,3,2737.56,3,3,3,9,Loyal Customers
1136,48,3,737.07,3,3,1,7,Potential Loyalists
1137,169,4,2627.84,1,4,3,8,Loyal Customers
1138,16,2,686.54,4,2,1,7,Potential Loyalists
1139,99,5,1269.38,2,4,2,8,Loyal Customers
1140,3,4,5371.360000000001,4,4,4,12,Champions
1141,97,2,1243.3400000000001,2,2,2,6,Potential Loyalists
1142,12,6,4721.58,4,4,4,12,Champions
1143,43,4,3783.93,3,4,4,11,Champions
1144,92,3,3674.43,2,3,4,9,Loyal Customers
1145,33,3,2532.0,3,3,3,9,Loyal Customers
1146,4,6,5556.29,4,4,4,12,Champions
1147,42,5,3413.09,3,4,4,11,Champions
1149,167,1,315.32,1,1,1,3,Lost / Churned
1150,2,2,2159.12,4,2,3,9,Loyal Customers
1151,8,3,1555.15,4,3,2,9,Loyal Customers
1152,29,3,3162.7200000000003,4,3,3,10,Champions
1153,18,4,4152.4400000000005,4,4,4,12,Champions
1154,22,6,7663.08,4,4,4,12,Champions
1155,15,3,1648.78,4,3,2,9,Loyal Customers
1156,51,6,3567.3599999999997,3,4,4,11,Champions
1157,8,2,677.6999999999999,4,2,1,7,Potential Loyalists
1158,82,3,1638.67,2,3,2,7,Potential Loyalists
1159,2,8,5562.15,4,4,4,12,Champions
1160,65,2,1681.4099999999999,3,2,2,7,Potential Loyalists
1161,24,1,1579.45,4,1,2,7,Potential Loyalists
1162,28,4,1952.3400000000001,4,4,2,10,Champions
1164,43,2,2666.07,3,2,3,8,Loyal Customers
1165,20,3,3140.81,4,3,3,10,Champions
1166,30,4,2234.65,3,4,3,10,Champions
1167,89,4,2519.13,2,4,3,9,Loyal Customers
1168,44,3,1542.35,3,3,2,8,Loyal Customers
1169,225,3,1439.06,1,3,2,6,Potential Loyalists
1170,23,6,6493.5,4,4,4,12,Champions
1171,112,4,5068.67,2,4,4,10,Champions
1172,74,4,1975.5,2,4,2,8,Loyal Customers
1173,83,3,2879.14,2,3,3,8,Loyal Customers
1174,139,3,3344.12,1,3,4,8,Loyal Customers
1175,206,1,343.49,1,1,1,3,Lost / Churned
1176,6,2,2339.82,4,2,3,9,Loyal Customers
1177,66,4,1809.3799999999999,2,4,2,8,Loyal Customers
1178,89,5,3893.82,2,4,4,10,Champions
1179,101,2,1746.52,2,2,2,6,Potential Loyalists
1180,116,3,1938.94,2,3,2,7,Potential Loyalists
1181,81,3,2081.0,2,3,2,7,Potential Loyalists
1182,180,2,2075.86,1,2,2,5,At Risk
1183,179,3,2896.6400000000003,1,3,3,7,Potential Loyalists
1184,102,1,1920.5,2,1,2,5,At Risk
1185,20,4,2231.29,4,4,3,11,Champions
1186,212,3,1135.33,1,3,1,5,At Risk
1187,90,2,1871.75,2,2,2,6,Potential Loyalists
1188,7,5,2393.46,4,4,3,11,Champions
1189,58,1,400.52,3,1,1,5,At Risk
1191,63,1,1215.15,3,1,2,6,Potential Loyalists
1192,16,3,2737.49,4,3,3,10,Champions
1193,94,2,425.07000000000005,2,2,1,5,At Risk
1194,54,5,4673.57,3,4,4,11,Champions
1195,100,5,4666.6900000000005,2,4,4,10,Champions
1196,31,3,4251.58,3,3,4,10,Champions
1197,32,3,1534.56,3,3,2,8,Loyal Customers
1198,8,3,1987.87,4,3,2,9,Loyal Customers
1199,81,3,2396.91,2,3,3,8,Loyal Customers
1200,52,1,414.3,3,1,1,5,At Risk
1201,130,1,1774.85,1,1,2,4,At Risk
1202,257,1,455.25,1,1,1,3,Lost / Churned
1203,139,3,1330.58,1,3,2,6,Potential Loyalists
1204,18,5,5129.33,4,4,4,12,Champions
1205,83,3,3362.68,2,3,4,9,Loyal Customers
1206,25,3,3017.44,4,3,3,10,Champions
1208,5,5,3615.23,4,4,4,12,Champions
1209,115,2,616.5400000000001,2,2,1,5,At Risk
1211,22,6,3976.02,4,4,4,12,Champions
1213,39,4,2617.08,3,4,3,10,Champions
1214,59,1,963.75,3,1,1,5,At Risk
1215,76,6,4284.39,2,4,4,10,Champions
1216,70,3,1160.1100000000001,2,3,2,7,Potential Loyalists
1217,19,1,177.15,4,1,1,6,Potential Loyalists
1219,80,3,1647.97,2,3,2,7,Potential Loyalists
1220,202,1,437.94,1,1,1,3,Lost / Churned
1221,17,3,1015.0,4,3,1,8,Loyal Customers
1222,237,1,1595.25,1,1,2,4,At Risk
1223,51,6,4488.4,3,4,4,11,Champions
1224,19,3,2028.64,4,3,2,9,Loyal Customers
1225,171,2,1639.9499999999998,1,2,2,5,At Risk
1226,13,3,3277.54,4,3,3,10,Champions
1227,96,4,4056.79,2,4,4,10,Champions
1228,35,3,331.78,3,3,1,7,Potential Loyalists
1229,90,2,1050.8799999999999,2,2,1,5,At Risk
1230,73,2,2198.56,2,2,3,7,Potential Loyalists
1231,143,2,2859.06,1,2,3,6,Potential Loyalists
1232,8,5,4307.51,4,4,4,12,Champions
1233,21,4,4648.91,4,4,4,12,Champions
1234,257,1,530.56,1,1,1,3,Lost / Churned
1235,66,1,497.91,2,1,1,4,At Risk
1236,84,6,3026.06,2,4,3,9,Loyal Customers
1237,2,2,2283.1,4,2,3,9,Loyal Customers
1238,27,2,150.5,4,2,1,7,Potential Loyalists
1239,97,3,2188.0699999999997,2,3,3,8,Loyal Customers
1240,275,1,820.36,1,1,1,3,Lost / Churned
1241,181,3,3490.91,1,3,4,8,Loyal Customers
1242,227,2,3335.7599999999998,1,2,4,7,Potential Loyalists
1243,149,2,2146.17,1,2,3,6,Potential Loyalists
1244,59,6,5237.11,3,4,4,11,Champions
1245,38,5,6125.18,3,4,4,11,Champions
1246,297,1,353.31,1,1,1,3,Lost / Churned
1247,106,1,168.67,2,1,1,4,At Risk
1248,70,3,2160.7799999999997,2,3,3,8,Loyal Customers
1249,60,8,6464.29,3,4,4,11,Champions
1250,15,4,4327.37,4,4,4,12,Champions
1251,78,4,2288.33,2,4,3,9,Loyal Customers
1252,159,1,1677.28,1,1,2,4,At Risk
1253,104,2,853.48,2,2,1,5,At Risk
1254,103,5,2143.88,2,4,3,9,Loyal Customers
1256,150,1,231.7,1,1,1,3,Lost / Churned
1257,113,5,4010.05,2,4,4,10,Champions
1258,8,3,2001.1200000000001,4,3,2,9,Loyal Customers
1259,136,1,1195.5,1,1,2,4,At Risk
1260,24,3,2640.98,4,3,3,10,Champions
1261,61,3,1899.91,3,3,2,8,Loyal Customers
1262,144,6,4127.71,1,4,4,9,Loyal Customers
1263,49,3,2374.49,3,3,3,9,Loyal Customers
1264,65,5,3358.25,3,4,4,11,Champions
1265,278,1,973.24,1,1,1,3,Lost / Churned
1266,16,2,693.6700000000001,4,2,1,7,Potential Loyalists
1267,31,2,3149.5699999999997,3,2,3,8,Loyal Customers
1268,16,3,4014.59,4,3,4,11,Champions
1269,148,2,1520.96,1,2,2,5,At Risk
1270,115,2,1613.58,2,2,2,6,Potential Loyalists
1271,76,2,1727.81,2,2,2,6,Potential Loyalists
1272,18,3,1173.56,4,3,2,9,Loyal Customers
1273,25,4,2082.8,4,4,2,10,Champions
1275,169,3,5533.4,1,3,4,8,Loyal Customers
1276,19,3,2135.52,4,3,3,10,Champions
1277,5,5,4421.21,4,4,4,12,Champions
1278,83,4,2901.32,2,4,3,9,Loyal Customers
1279,169,2,2021.85,1,2,2,5,At Risk
1280,32,6,4862.76,3,4,4,11,Champions
1281,198,2,2454.2,1,2,3,6,Potential Loyalists
1282,205,3,2728.05,1,3,3,7,Potential Loyalists
1283,10,6,5471.4,4,4,4,12,Champions
1284,46,4,2821.92,3,4,3,10,Champions
1285,4,6,3424.48,4,4,4,12,Champions
1286,196,2,1764.5900000000001,1,2,2,5,At Risk
1287,12,1,1467.25,4,1,2,7,Potential Loyalists
1288,291,1,515.2,1,1,1,3,Lost / Churned
1289,266,2,1288.6,1,2,2,5,At Risk
1290,196,2,1803.67,1,2,2,5,At Risk
1291,79,3,2219.09,2,3,3,8,Loyal Customers
1292,36,1,352.46,3,1,1,5,At Risk
1293,160,4,1806.59,1,4,2,7,Potential Loyalists
1295,269,4,2847.84,1,4,3,8,Loyal Customers
1296,70,2,1191.6499999999999,2,2,2,6,Potential Loyalists
1297,58,6,9052.13,3,4,4,11,Champions
1298,1,4,2740.37,4,4,3,11,Champions
1299,17,4,3714.0299999999997,4,4,4,12,Champions
1300,6,1,795.51,4,1,1,6,Potential Loyalists
1301,109,1,1935.8,2,1,2,5,At Risk
1302,111,2,834.16,2,2,1,5,At Risk
1303,9,1,53.3,4,1,1,6,Potential Loyalists
1304,76,4,4401.88,2,4,4,10,Champions
1305,115,1,763.52,2,1,1,4,At Risk
1306,5,7,5729.07,4,4,4,12,Champions
1307,155,2,1166.92,1,2,2,5,At Risk
1308,6,3,2562.43,4,3,3,10,Champions
1309,55,7,8572.72,3,4,4,11,Champions
1310,105,3,3717.26,2,3,4,9,Loyal Customers
1311,203,1,1781.4,1,1,2,4,At Risk
1312,148,4,1858.96,1,4,2,7,Potential Loyalists
1313,141,2,608.29,1,2,1,4,At Risk
1314,162,2,1888.12,1,2,2,5,At Risk
1316,126,2,2023.92,2,2,2,6,Potential Loyalists
1317,98,7,4270.5,2,4,4,10,Champions
1318,11,3,2005.47,4,3,2,9,Loyal Customers
1319,85,3,2660.12,2,3,3,8,Loyal Customers
1320,30,4,2870.37,3,4,3,10,Champions
1321,20,2,535.8100000000001,4,2,1,7,Potential Loyalists
1322,37,3,1387.49,3,3,2,8,Loyal Customers
1323,141,2,2179.67,1,2,3,6,Potential Loyalists
1324,38,6,6279.93,3,4,4,11,Champions
1325,26,6,6528.92,4,4,4,12,Champions
1326,63,2,3514.25,3,2,4,9,Loyal Customers
1327,22,6,8405.64,4,4,4,12,Champions
1329,64,2,1036.62,3,2,1,6,Potential Loyalists
1330,85,4,2539.38,2,4,3,9,Loyal Customers
1331,145,1,460.44,1,1,1,3,Lost / Churned
1332,5,3,1824.6399999999999,4,3,2,9,Loyal Customers
1333,28,3,1233.01,4,3,2,9,Loyal Customers
1334,22,2,961.26,4,2,1,7,Potential Loyalists
1335,20,2,1228.08,4,2,2,8,Loyal Customers
1336,128,2,2854.5299999999997,1,2,3,6,Potential Loyalists
1337,71,6,3505.41,2,4,4,10,Champions
1338,246,1,496.6,1,1,1,3,Lost / Churned
1339,8,3,1641.45,4,3,2,9,Loyal Customers
1340,92,5,2927.76,2,4,3,9,Loyal Customers
1341,38,4,2435.93,3,4,3,10,Champions
1342,62,5,2018.7,3,4,2,9,Loyal Customers
1343,225,1,1031.4,1,1,1,3,Lost / Churned
1344,111,2,390.5,2,2,1,5,At Risk
1345,65,3,3633.57,3,3,4,10,Champions
1346,36,4,3203.95,3,4,3,10,Champions
1347,23,4,1653.5600000000002,4,4,2,10,Champions
1348,33,4,3034.7599999999998,3,4,3,10,Champions
1349,65,4,3129.6,3,4,3,10,Champions
1350,115,2,1612.62,2,2,2,6,Potential Loyalists
1351,48,4,4405.62,3,4,4,11,Champions
1352,136,1,586.52,1,1,1,3,Lost / Churned
1353,110,2,1278.32,2,2,2,6,Potential Loyalists
1354,132,1,1545.8,1,1,2,4,At Risk
1355,16,3,3321.53,4,3,4,11,Champions
1356,22,2,3499.96,4,2,4,10,Champions
1357,51,4,3831.83,3,4,4,11,Champions
1358,180,3,3049.8199999999997,1,3,3,7,Potential Loyalists
1359,13,2,666.64,4,2,1,7,Potential Loyalists
1360,89,3,1961.13,2,3,2,7,Potential Loyalists
1361,22,5,5207.47,4,4,4,12,Champions
1363,14,4,1755.5900000000001,4,4,2,10,Champions
1364,29,8,7733.37,4,4,4,12,Champions
1365,118,7,5827.6,2,4,4,10,Champions
1366,42,4,3694.3999999999996,3,4,4,11,Champions
1367,80,3,4676.42,2,3,4,9,Loyal Customers
1368,284,1,48.11,1,1,1,3,Lost / Churned
1370,77,3,657.3,2,3,1,6,Potential Loyalists
1371,56,2,808.52,3,2,1,6,Potential Loyalists
1372,65,4,4410.84,3,4,4,11,Champions
1373,72,4,2429.34,2,4,3,9,Loyal Customers
1374,29,3,1070.06,4,3,1,8,Loyal Customers
1375,99,3,4618.41,2,3,4,9,Loyal Customers
1376,147,2,2721.48,1,2,3,6,Potential Loyalists
1377,86,2,755.28,2,2,1,5,At Risk
1378,238,2,2048.98,1,2,2,5,At Risk
1379,17,3,1513.4299999999998,4,3,2,9,Loyal Customers
1380,30,2,2221.97,3,2,3,8,Loyal Customers
1381,39,3,1973.34,3,3,2,8,Loyal Customers
1382,108,1,869.46,2,1,1,4,At Risk
1383,150,3,997.23,1,3,1,5,At Risk
1384,173,3,2130.99,1,3,3,7,Potential Loyalists
1385,8,9,3970.73,4,4,4,12,Champions
1386,2,3,3790.58,4,3,4,11,Champions
1387,85,2,1233.4299999999998,2,2,2,6,Potential Loyalists
1388,102,3,2982.04,2,3,3,8,Loyal Customers
1389,157,2,1554.83,1,2,2,5,At Risk
1390,5,1,278.1,4,1,1,6,Potential Loyalists
1391,134,3,1544.8600000000001,1,3,2,6,Potential Loyalists
1392,8,2,877.73,4,2,1,7,Potential Loyalists
1393,17,4,1124.04,4,4,1,9,Loyal Customers
1394,106,1,912.66,2,1,1,4,At Risk
1395,97,2,903.4,2,2,1,5,At Risk
1396,41,1,936.7,3,1,1,5,At Risk
1397,28,5,1900.1299999999999,4,4,2,10,Champions
1398,9,3,1812.8600000000001,4,3,2,9,Loyal Customers
1399,41,4,3446.1099999999997,3,4,4,11,Champions
1400,18,7,6098.87,4,4,4,12,Champions
1401,71,4,1254.5,2,4,2,8,Loyal Customers
1402,72,3,1192.62,2,3,2,7,Potential Loyalists
1403,34,3,1484.05,3,3,2,8,Loyal Customers
1404,134,5,2573.7,1,4,3,8,Loyal Customers
1405,70,5,3802.1899999999996,2,4,4,10,Champions
1406,112,3,2218.9300000000003,2,3,3,8,Loyal Customers
1407,15,3,2456.59,4,3,3,10,Champions
1408,240,1,1629.56,1,1,2,4,At Risk
1409,33,4,3752.3900000000003,3,4,4,11,Champions
1410,76,3,1874.78,2,3,2,7,Potential Loyalists
1411,59,4,4144.38,3,4,4,11,Champions
1412,18,4,3682.17,4,4,4,12,Champions
1413,159,3,2626.08,1,3,3,7,Potential Loyalists
1414,113,3,1991.3200000000002,2,3,2,7,Potential Loyalists
1415,54,3,1570.72,3,3,2,8,Loyal Customers
1416,4,3,4655.6,4,3,4,11,Champions
1417,129,7,5061.3,1,4,4,9,Loyal Customers
1418,16,6,4865.92,4,4,4,12,Champions
1419,72,2,1857.1499999999999,2,2,2,6,Potential Loyalists
1420,134,4,3771.96,1,4,4,9,Loyal Customers
1421,77,3,2539.9,2,3,3,8,Loyal Customers
1422,88,1,100.75,2,1,1,4,At Risk
1423,80,3,3896.73,2,3,4,9,Loyal Customers
1424,188,1,287.17,1,1,1,3,Lost / Churned
1425,115,1,523.88,2,1,1,4,At Risk
1426,125,1,889.64,2,1,1,4,At Risk
1427,246,1,376.88,1,1,1,3,Lost / Churned
1428,17,4,2606.71,4,4,3,11,Champions
1429,51,1,1197.6,3,1,2,6,Potential Loyalists
1430,15,1,632.56,4,1,1,6,Potential Loyalists
1431,32,4,2660.75,3,4,3,10,Champions
1432,161,1,585.32,1,1,1,3,Lost / Churned
1433,14,5,3877.91,4,4,4,12,Champions
1435,60,2,1166.97,3,2,2,7,Potential Loyalists
1436,16,4,2324.4,4,4,3,11,Champions
1437,243,2,407.59999999999997,1,2,1,4,At Risk
1438,59,3,1174.16,3,3,2,8,Loyal Customers
1439,100,1,834.54,2,1,1,4,At Risk
1440,245,3,1929.8400000000001,1,3,2,6,Potential Loyalists
1441,148,1,79.68,1,1,1,3,Lost / Churned
1442,101,2,2148.86,2,2,3,7,Potential Loyalists
1443,12,5,2402.49,4,4,3,11,Champions
1444,13,3,1517.88,4,3,2,9,Loyal Customers
1446,55,5,6142.2300000000005,3,4,4,11,Champions
1447,132,6,5427.72,1,4,4,9,Loyal Customers
1448,36,1,658.36,3,1,1,5,At Risk
1449,92,3,3381.77,2,3,4,9,Loyal Customers
1450,87,1,1771.08,2,1,2,5,At Risk
1451,18,4,2505.7,4,4,3,11,Champions
1452,1,6,2375.24,4,4,3,11,Champions
1453,183,2,1551.5700000000002,1,2,2,5,At Risk
1454,202,1,947.72,1,1,1,3,Lost / Churned
1456,30,5,1556.09,3,4,2,9,Loyal Customers
1457,6,5,3435.71,4,4,4,12,Champions
1458,14,1,625.0,4,1,1,6,Potential Loyalists
1459,111,2,801.89,2,2,1,5,At Risk
1460,37,4,1941.0700000000002,3,4,2,9,Loyal Customers
1461,36,5,3728.8900000000003,3,4,4,11,Champions
1462,25,5,6002.549999999999,4,4,4,12,Champions
1463,3,4,2399.0,4,4,3,11,Champions
1464,145,2,1740.99,1,2,2,5,At Risk
1465,69,3,1946.6100000000001,2,3,2,7,Potential Loyalists
1466,61,2,904.95,3,2,1,6,Potential Loyalists
1467,51,3,753.6700000000001,3,3,1,7,Potential Loyalists
1468,57,6,2649.7,3,4,3,10,Champions
1469,58,5,4781.04,3,4,4,11,Champions
1470,3,6,3750.43,4,4,4,12,Champions
1471,79,4,1529.57,2,4,2,8,Loyal Customers
1472,50,3,2543.36,3,3,3,9,Loyal Customers
1473,16,3,2979.41,4,3,3,10,Champions
1474,112,3,4435.74,2,3,4,9,Loyal Customers
1475,196,2,1127.52,1,2,1,4,At Risk
1476,70,5,3382.8999999999996,2,4,4,10,Champions
1477,194,2,1080.1299999999999,1,2,1,4,At Risk
1478,139,4,2971.92,1,4,3,8,Loyal Customers
1479,24,3,891.71,4,3,1,8,Loyal Customers
1480,35,5,1348.9499999999998,3,4,2,9,Loyal Customers
1481,139,2,1972.87,1,2,2,5,At Risk
1482,291,1,166.5,1,1,1,3,Lost / Churned
1483,1,4,5264.14,4,4,4,12,Champions
1484,148,3,1849.8200000000002,1,3,2,6,Potential Loyalists
1485,21,4,3238.5299999999997,4,4,3,11,Champions
1486,8,3,2423.29,4,3,3,10,Champions
1487,65,5,5274.22,3,4,4,11,Champions
1488,169,3,1893.13,1,3,2,6,Potential Loyalists
1489,27,1,399.33,4,1,1,6,Potential Loyalists
1490,18,3,1131.25,4,3,1,8,Loyal Customers
1491,1,4,2370.9,4,4,3,11,Champions
1492,46,5,4439.43,3,4,4,11,Champions
1493,262,1,1270.08,1,1,2,4,At Risk
1494,69,3,3757.02,2,3,4,9,Loyal Customers
1495,202,1,463.6,1,1,1,3,Lost / Churned
1496,88,3,3953.91,2,3,4,9,Loyal Customers
1497,31,2,1169.51,3,2,2,7,Potential Loyalists
1498,123,4,3664.21,2,4,4,10,Champions
1499,12,7,3993.57,4,4,4,12,Champions
1500,18,3,2868.1800000000003,4,3,3,10,Champions
1501,26,4,4125.92,4,4,4,12,Champions
1502,25,4,3597.75,4,4,4,12,Champions
1503,66,3,1794.23,2,3,2,7,Potential Loyalists
1504,12,3,2794.08,4,3,3,10,Champions
1505,158,3,1033.62,1,3,1,5,At Risk
1506,40,2,2041.76,3,2,2,7,Potential Loyalists
1507,113,2,3773.84,2,2,4,8,Loyal Customers
1508,262,2,852.26,1,2,1,4,At Risk
1509,134,2,2487.3799999999997,1,2,3,6,Potential Loyalists
1510,198,2,101.38,1,2,1,4,At Risk
1511,88,7,2783.08,2,4,3,9,Loyal Customers
1512,94,2,3320.51,2,2,4,8,Loyal Customers
1513,119,2,2988.83,2,2,3,7,Potential Loyalists
1514,157,3,1410.8600000000001,1,3,2,6,Potential Loyalists
1515,5,4,2415.64,4,4,3,11,Champions
1516,63,2,540.54,3,2,1,6,Potential Loyalists
1517,75,4,1152.13,2,4,1,7,Potential Loyalists
1518,113,5,2340.0099999999998,2,4,3,9,Loyal Customers
1519,83,3,1911.88,2,3,2,7,Potential Loyalists
1520,14,3,2495.06,4,3,3,10,Champions
1521,8,4,1417.0900000000001,4,4,2,10,Champions
1522,184,2,1341.08,1,2,2,5,At Risk
1523,208,2,2015.1100000000001,1,2,2,5,At Risk
1524,41,5,4330.1,3,4,4,11,Champions
1525,82,2,1438.75,2,2,2,6,Potential Loyalists
1526,95,3,292.07000000000005,2,3,1,6,Potential Loyalists
1527,36,4,3192.3500000000004,3,4,3,10,Champions
1528,14,3,3913.33,4,3,4,11,Champions
1529,30,6,2849.7999999999997,3,4,3,10,Champions
1530,229,3,2624.84,1,3,3,7,Potential Loyalists
1531,68,2,2240.31,2,2,3,7,Potential Loyalists
1532,35,3,1522.19,3,3,2,8,Loyal Customers
1533,145,2,2630.57,1,2,3,6,Potential Loyalists
1534,8,5,4758.1900000000005,4,4,4,12,Champions
1535,81,6,5925.5199999999995,2,4,4,10,Champions
1536,85,1,834.72,2,1,1,4,At Risk
1538,58,4,4346.09,3,4,4,11,Champions
1539,64,3,1904.74,3,3,2,8,Loyal Customers
1540,54,6,6961.63,3,4,4,11,Champions
1541,103,4,3145.2599999999998,2,4,3,9,Loyal Customers
1542,38,4,3772.12,3,4,4,11,Champions
1543,85,3,2516.06,2,3,3,8,Loyal Customers
1544,13,2,597.31,4,2,1,7,Potential Loyalists
1545,29,3,1139.3,4,3,1,8,Loyal Customers
1546,52,2,1895.0800000000002,3,2,2,7,Potential Loyalists
1547,106,3,1431.86,2,3,2,7,Potential Loyalists
1548,111,1,1718.44,2,1,2,5,At Risk
1549,48,4,3309.61,3,4,4,11,Champions
1550,177,4,2326.27,1,4,3,8,Loyal Customers
1551,71,4,2299.53,2,4,3,9,Loyal Customers
1552,77,4,1454.38,2,4,2,8,Loyal Customers
1553,2,4,2705.44,4,4,3,11,Champions
1554,19,2,897.1800000000001,4,2,1,7,Potential Loyalists
1555,81,4,1181.59,2,4,2,8,Loyal Customers
1556,39,1,540.28,3,1,1,5,At Risk
1557,56,3,2968.51,3,3,3,9,Loyal Customers
1558,129,2,1674.33,1,2,2,5,At Risk
1559,81,3,1198.0,2,3,2,7,Potential Loyalists
1560,24,4,2898.66,4,4,3,11,Champions
1561,94,1,1014.78,2,1,1,4,At Risk
1562,17,3,2950.04,4,3,3,10,Champions
1564,209,1,745.2,1,1,1,3,Lost / Churned
1565,110,2,2254.69,2,2,3,7,Potential Loyalists
1566,157,3,1539.07,1,3,2,6,Potential Loyalists
1567,132,1,291.04,1,1,1,3,Lost / Churned
1568,102,2,2837.3199999999997,2,2,3,7,Potential Loyalists
1569,15,4,1702.0500000000002,4,4,2,10,Champions
1570,42,3,2713.3300000000004,3,3,3,9,Loyal Customers
1571,40,2,2725.36,3,2,3,8,Loyal Customers
1572,2,3,4629.5,4,3,4,11,Champions
1573,5,4,2318.81,4,4,3,11,Champions
1574,3,4,1955.67,4,4,2,10,Champions
1575,152,3,2485.58,1,3,3,7,Potential Loyalists
1576,108,3,1876.93,2,3,2,7,Potential Loyalists
1578,134,2,2312.16,1,2,3,6,Potential Loyalists
1579,209,1,559.18,1,1,1,3,Lost / Churned
1580,109,6,4809.51,2,4,4,10,Champions
1581,8,3,2887.6,4,3,3,10,Champions
1582,12,5,4189.639999999999,4,4,4,12,Champions
1583,114,4,3857.2000000000003,2,4,4,10,Champions
1584,9,3,3523.46,4,3,4,11,Champions
1585,21,4,2387.9199999999996,4,4,3,11,Champions
1586,1,3,1648.01,4,3,2,9,Loyal Customers
1587,55,3,1815.09,3,3,2,8,Loyal Customers
1588,42,2,2174.3,3,2,3,8,Loyal Customers
1590,77,4,1581.66,2,4,2,8,Loyal Customers
1591,77,3,875.85,2,3,1,6,Potential Loyalists
1592,10,3,1151.65,4,3,1,8,Loyal Customers
1593,13,2,2904.08,4,2,3,9,Loyal Customers
1594,51,3,2229.75,3,3,3,9,Loyal Customers
1595,4,1,2205.5,4,1,3,8,Loyal Customers
1596,47,3,852.6600000000001,3,3,1,7,Potential Loyalists
1597,46,5,3704.46,3,4,4,11,Champions
1598,59,4,2929.7999999999997,3,4,3,10,Champions
1599,220,1,62.12,1,1,1,3,Lost / Churned
1600,4,5,5147.900000000001,4,4,4,12,Champions
1601,249,1,1465.89,1,1,2,4,At Risk
1602,22,5,935.99,4,4,1,9,Loyal Customers
1603,33,2,2602.0,3,2,3,8,Loyal Customers
1604,23,3,2321.06,4,3,3,10,Champions
1605,103,4,4296.75,2,4,4,10,Champions
1606,45,2,1717.1,3,2,2,7,Potential Loyalists
1607,81,3,3797.05,2,3,4,9,Loyal Customers
1608,12,4,3164.2,4,4,3,11,Champions
1609,144,2,2364.04,1,2,3,6,Potential Loyalists
1610,102,2,2063.36,2,2,2,6,Potential Loyalists
1611,66,3,4289.02,2,3,4,9,Loyal Customers
1612,39,2,583.69,3,2,1,6,Potential Loyalists
1613,53,4,2376.88,3,4,3,10,Champions
1614,8,5,1662.5,4,4,2,10,Champions
1615,25,5,2740.36,4,4,3,11,Champions
1616,155,2,1124.77,1,2,1,4,At Risk
1618,151,2,633.59,1,2,1,4,At Risk
1619,38,4,2127.0699999999997,3,4,3,10,Champions
1620,185,4,4677.77,1,4,4,9,Loyal Customers
1621,51,2,1739.1499999999999,3,2,2,7,Potential Loyalists
1622,87,3,2131.05,2,3,3,8,Loyal Customers
1623,160,2,1105.49,1,2,1,4,At Risk
1624,49,6,3960.93,3,4,4,11,Champions
1625,147,1,215.1,1,1,1,3,Lost / Churned
1626,38,5,6037.44,3,4,4,11,Champions
1627,133,2,504.32,1,2,1,4,At Risk
1628,141,1,109.02,1,1,1,3,Lost / Churned
1629,109,5,4230.61,2,4,4,10,Champions
1630,52,3,668.23,3,3,1,7,Potential Loyalists
1631,29,1,1802.04,4,1,2,7,Potential Loyalists
1632,15,4,1119.4499999999998,4,4,1,9,Loyal Customers
1633,10,5,5060.05,4,4,4,12,Champions
1634,59,1,464.88,3,1,1,5,At Risk
1635,265,2,1648.1999999999998,1,2,2,5,At Risk
1636,49,2,1141.1,3,2,1,6,Potential Loyalists
1637,51,2,2812.2,3,2,3,8,Loyal Customers
1638,4,4,1690.78,4,4,2,10,Champions
1639,140,2,563.22,1,2,1,4,At Risk
1640,24,6,3912.15,4,4,4,12,Champions
1641,30,2,1317.53,3,2,2,7,Potential Loyalists
1642,30,4,3855.59,3,4,4,11,Champions
1643,239,2,1044.22,1,2,1,4,At Risk
1644,150,3,1706.07,1,3,2,6,Potential Loyalists
1645,81,3,4014.2200000000003,2,3,4,9,Loyal Customers
1646,213,2,439.79,1,2,1,4,At Risk
1647,208,2,2578.7299999999996,1,2,3,6,Potential Loyalists
1648,43,3,2375.7799999999997,3,3,3,9,Loyal Customers
1649,258,1,947.96,1,1,1,3,Lost / Churned
1650,177,4,5872.15,1,4,4,9,Loyal Customers
1651,249,1,217.17,1,1,1,3,Lost / Churned
1652,92,3,2197.92,2,3,3,8,Loyal Customers
1653,192,1,538.44,1,1,1,3,Lost / Churned
1654,112,1,1253.96,2,1,2,5,At Risk
1655,53,3,2919.41,3,3,3,9,Loyal Customers
1656,25,1,1195.53,4,1,2,7,Potential Loyalists
1657,107,1,828.36,2,1,1,4,At Risk
1658,13,2,1790.1100000000001,4,2,2,8,Loyal Customers
1659,61,5,7889.91,3,4,4,11,Champions
1660,26,4,2519.34,4,4,3,11,Champions
1661,35,3,1744.37,3,3,2,8,Loyal Customers
1662,50,4,3359.99,3,4,4,11,Champions
1663,28,3,2430.86,4,3,3,10,Champions
1664,42,3,2913.99,3,3,3,9,Loyal Customers
1665,82,2,863.46,2,2,1,5,At Risk
1666,47,5,4449.47,3,4,4,11,Champions
